ID,Name,Email,Mobile,Social Security Number,Account Type,Company Name,Address,City,State,Postal Code,Company Phone,Company Website,Gst No
191,Arun,rahul2154@yopmail.com,9.19366E+11,,organization,Arun222,,Palwal,Haryana,121102,,,
149,Arya,arya@yomail.com,9665852703,545634,individual,ibyte,Ishlamabad colony palwal,Palwal,Haryana,121102,,,
131,Krishna,Krishna@yopmail.com,9665852703,545634,individual,ibyte,Ishlamabad colony palwal,Palwal,Haryana,121102,,,
240,Krishna,admfdsfin@admin.com,46657643564,56345,individual,,,Palwal,Haryana,121102,,,
253,Rajugfd,rahul2112@yopmail.com,9.19351E+11,4323432,individual,,,Palwal,Haryana,121102,,,
107,Ram,rkyogi5855@gmail.com,9665852703,23234,individual,ibyte,Saray kale khan,Alderetes,Haryana,121102,,,
142,Ramraju,surajk1238df0@yopmail.com,9665852703,23234,individual,ibyte,Ishlamabad colony palwal,Palwal,Haryana,121102,,,
108,Ramu,surajk0384@yopmail.com,9665852703,23234,individual,ibyte,Ishlamabad colony palwal,Akner,Haryana,121102,,,
187,Ravi,admin54545@admin.com,46734575645,6545,individual,,,Palwal,,121102,,,
189,Ravi,surajk1280@yopmail.com,9.19547E+11,23234,individual,,,Palwal,,121102,,,
239,Ravi,surajk1238fdg02@yopmail.com,46845764563,5456345,individual,,,Palwal,Haryana,121102,,,
233,sam tester,samtester@yopmail.com,9.18194E+11,6345,individual,,,gsdfgvbgsbf,Haryana,121102,,,
130,Shiva,Shiva@yopmail.com,9665852703,545634,individual,ibyte,Ishlamabad colony palwal,Palwal,Haryana,121102,,,
